Test	Friedman	P-value
preciseall	43.01298701298687	1.0283865372124544e-08
precisecomp	38.17241379310374	2.5986094184648642e-08
broadall	17.395348837210395	0.0016192562946868636
broadcomp	16.17647058823619	0.001043318486194546
